"","STATE..Intercept.","STATE.ACTIVE0"
"al",0.556717497301594,-1.0661872253785
"ar",-2.3960780165991,1.99266807462994
"az",-5.2139016753108,4.86412736689422
"ca",7.8258429165554,-6.56474387120539
"co",-2.52093237895469,2.63757046237207
"ct",2.36214744528082,-1.81877656069249
"de",3.45526828153625,-2.66044398452666
"ga",-0.692386200393952,-0.578955525559894
"ia",-2.61821044849902,1.87256593485672
"id",2.07303945923411,-1.82559852793047
"il",-0.24375733524289,-0.107238440626273
"in",0.161958564001283,-0.12470281675153
"ks",-2.37943312467927,1.83208597056374
"ky",-0.774572826026417,-0.647677867238518
"la",1.04987276728583,1.04724369953781
"ma",0.142938622089819,0.119521597957518
"md",0.907213487047623,-3.25167297004527
"me",2.15700566940635,-0.980968309134287
"mi",-0.653341929129231,0.796694773126704
"mn",-0.27879792481171,-0.196277617608849
"mo",3.07491124057939,-2.0963973904656
"ms",3.55818389456836,-1.91742811421976
"mt",4.40677256532647,-1.07818541184256
"nc",0.850786791311458,0.502799493141459
"nd",0.253869669448071,0.125976108367696
"ne",-3.88738523177172,3.32922014018981
"nh",4.50948590295168,-3.47215720062161
"nj",0.781420634948597,-0.794407700106542
"nm",-1.08647453910684,-0.90848205443457
"nv",-2.05308789445394,2.40796827237185
"ny",0.0574145114460178,0.444064047000968
"oh",-0.723609473113975,-0.115886252106119
"ok",-6.52638050310852,5.02510032086635
"or",-1.82284631186958,2.15142987684831
"pa",0.114095834721806,-0.735065613487057
"ri",2.98646251876952,-2.29947882354945
"sc",-1.21593539910158,0.193555153259461
"sd",0.145991532058036,-0.940958415535954
"tn",-0.73473804040406,0.105161604266898
"tx",-0.53017642146799,-0.657191955604323
"ut",2.92503032518787,-4.08374237563477
"va",-1.78302546370405,1.97068191780014
"vt",0.212618526910979,1.43296519446952
"wa",1.89235725449235,-1.4570534222168
"wi",-5.49260349297212,4.81022123654131
"wv",0.774744655904836,1.31005506706482
"wy",-3.6084759376421,1.40800213439493
