"","STATE..Intercept.","STATE.ACTIVE5"
"al",0.586101109604393,-0.487855937321805
"ar",-2.34606717987778,1.95280777378453
"az",-4.61555748500218,3.84187486802112
"ca",9.12410943451184,-7.59468099865057
"co",-0.414568984924443,0.345076877369125
"ct",2.61689962109694,-2.17824193915799
"de",3.6496535763235,-3.03788055883222
"ga",-0.608544800571196,0.506537505594148
"ia",-2.21476823673659,1.8435178101147
"id",1.39604259847722,-1.162031020349
"il",-0.147434623268913,0.122720901137846
"in",0.305790656463137,-0.254532511350761
"ks",-2.37096707955137,1.97353382888905
"ky",-4.63179495302477,3.85539053119269
"la",0.875880984566193,-0.729061473704268
"ma",-0.0947912257851988,0.0789018508027312
"md",-2.92730418524639,2.43661495212552
"me",2.78229131636243,-2.31590985890217
"mi",-0.746632975392673,0.621478656287517
"mn",-0.0780844372854442,0.0649955369779947
"mo",2.14401741920389,-1.78462659520642
"ms",3.69941483231892,-3.07930058651711
"mt",5.76972913230048,-4.80257854456428
"nc",1.19793491821166,-0.997131131127084
"nd",-0.507655932455785,0.422560129484075
"ne",-3.23309482441766,2.69114744908296
"nh",4.95588861778847,-4.12515800989628
"nj",0.404025013149446,-0.336300338391307
"nm",-4.96365360560645,4.13162139197858
"nv",-1.63905395440829,1.36430760861142
"ny",2.0650606226938,-1.71890492817979
"oh",-0.198159596607943,0.164943103089723
"ok",-6.4398133357512,5.36033991338278
"or",-1.13731147463201,0.946669689565944
"pa",0.888023364420459,-0.739168487678561
"ri",3.62000828235333,-3.01320455593785
"sc",-2.6467156098354,2.20306002411777
"sd",-1.12191040803745,0.933850226070439
"tn",-0.44790610116149,0.372825860988024
"tx",-1.19348059354011,0.993423462429372
"ut",2.61307072915792,-2.175054865059
"va",-0.679621836156434,0.56570025626851
"vt",1.58828296482765,-1.32204710388837
"wa",2.51739608998076,-2.09541768299461
"wi",-5.35708031534265,4.45909996709225
"wv",2.09716964675022,-1.74563167851491
"wy",-4.13481717594056,3.44171863176364
