"","STATE..Intercept.","STATE.ACTIVED"
"al",0.331342871959141,-0.0152727464660393
"ar",-1.62358030533256,0.0748364509483135
"az",-2.54128462222493,0.11713662368956
"ca",6.72064835751686,-0.309778014936774
"co",-0.775307166689011,0.0357365952356779
"ct",1.86605617128387,-0.0860130039127472
"de",2.59501025759821,-0.119613027129214
"ga",-1.53187829064874,0.0706095776378191
"ia",-1.90693729979876,0.0878973549727166
"id",0.626403929553697,-0.0288731283890178
"il",-0.488445834825438,0.0225141626105016
"in",0.363229648668479,-0.0167425148679487
"ks",-1.78613262813591,0.0823290504844985
"ky",-2.9850589364122,0.137591728970036
"la",0.77635566058454,-0.035784904871218
"ma",-0.468858196794434,0.0216113087998832
"md",-2.06760685710868,0.0953031651095167
"me",2.00283946310777,-0.092317818468365
"mi",0.866699804904751,-0.0399492113124818
"mn",0.0574689837534353,-0.00264895434023291
"mo",2.05037634240075,-0.0945089513268611
"ms",3.33143456683967,-0.153557375476771
"mt",4.58066100027898,-0.211138549288981
"nc",1.98116176333226,-0.0913186171950848
"nd",0.228398051306678,-0.0105276554084371
"ne",-2.55616765560879,0.117822637623924
"nh",3.7593035285719,-0.173279343938394
"nj",0.340082561819644,-0.0156755853176299
"nm",-3.31870350050343,0.152970559145746
"nv",-0.736276242069096,0.0339375262800587
"ny",0.713914730956495,-0.0329068079266089
"oh",-0.544401819135827,0.0250933637540222
"ok",-5.15242245895809,0.237493029385915
"or",-0.654538387642553,0.030169947145814
"pa",-0.693693413437489,0.0319747388269928
"ri",2.19787943218878,-0.10130788939249
"sc",-1.67515261073071,0.0772135945448843
"sd",-0.862490393774132,0.0397551789801228
"tn",-0.683931515927118,0.0315247688574646
"tx",-0.782620570516153,0.036073696175432
"ut",1.32568500643206,-0.0611054312947838
"va",-0.678642092481231,0.0312809702561464
"vt",1.71392055174017,-0.0790005413424553
"wa",1.76543990689487,-0.0813752511613802
"wi",-4.13452256664468,0.190574495497086
"wv",2.16748768221049,-0.0999070197024833
"wy",-3.71314690850095,0.171151818534146
