"","fdat_MMI_BENT.STATE..Intercept.","fdat_MMI_BENT.STATE.fdat_MMI_BENT.ACTIVE"
"al",0.0213342297628428,0.0850656461403832
"ar",0.0066063151324777,0.0600058680790699
"az",-0.00250717124570403,0.0184584284663173
"ca",0.0976186135887448,0.354562477692781
"co",-0.0205484011288525,-0.0747633814832782
"ct",0.0160660725221743,0.0537138790953897
"de",0.0112915303500515,0.037751099105739
"ga",-0.0466896752851782,-0.214266877527565
"ia",0.033759153734402,0.0942008951465351
"id",0.0901064133780107,0.391366969061864
"il",-0.0171946037381815,-0.0995981292119365
"in",-0.00146613501000622,-0.0049017454985529
"ks",-0.0142690235707249,-0.0477057853329954
"ky",-0.0345305575664062,-0.158466613953697
"la",0.071676578869918,0.312681055209576
"ma",0.00389644359582985,0.0178814437590612
"md",-0.342755561156786,-1.60885937320623
"me",-0.0136606321875814,0.0272024715952216
"mi",0.0177929356327173,0.0967052500616541
"mn",-0.0018964151324066,-0.0108342676853248
"mo",0.0438540043316287,0.162353293763727
"ms",0.0339825208316558,0.14202208209959
"mt",0.0828101249809588,0.330423453341658
"nc",-0.00399123335988646,0.036899094301987
"nd",0.0335101871402691,0.147702740306645
"ne",0.0111922485326958,0.0857342355694352
"nh",0.0381759678209447,0.127634138153772
"nj",0.0210254513805154,0.0905097260417662
"nm",-0.0164717271720109,-0.0755915633826036
"nv",0.0890159107459421,0.409221109994226
"ny",-0.0158577693764186,-0.0511799804352621
"oh",-0.125436895230734,-0.463463898594403
"ok",-0.0702051723611683,-0.234717734211276
"or",0.00290458020788524,0.0365401632329422
"pa",-0.00685384707289363,-0.0293295192682424
"ri",0.0169350036230296,0.0566189861169811
"sc",-0.0727217845158509,-0.330163337892355
"sd",-0.0589540204176599,-0.266751895875444
"tn",0.0475016075327435,0.217708477090223
"tx",0.0202362205588558,-0.00175169014804528
"ut",-0.0377039318519316,-0.237229338539731
"va",0.0256640819484929,0.146731015384553
"vt",0.0301655517231872,0.126595347312709
"wa",0.0411780284323244,0.137670960811837
"wi",-0.0520504086634678,-0.109763775936198
"wv",0.0784578524750055,0.362859377305224
"wy",-0.0309926627894186,-0.147480776057613
