"","STATE..Intercept.","STATE.ACTIVE10"
"al",-0.198946248444242,0.050348357656022
"ar",-1.15288579213976,0.291766782926617
"az",-1.99274507268664,0.504314322499639
"ca",4.74242967757944,-1.20019126001714
"co",-0.670286371372478,0.169632845022438
"ct",1.39523705454677,-0.353099873032152
"de",1.99265691258278,-0.504292012985692
"ga",-1.47839157411778,0.374144215086608
"ia",-1.72855044278985,0.437453219787823
"id",0.290854790413749,-0.0736081279208724
"il",-0.816659605054061,0.206676281295576
"in",0.28687125059384,-0.0725999942670413
"ks",-1.40156321956262,0.35470086840179
"ky",-2.20804702913922,0.558801908795693
"la",1.95805897368047,-0.495536128476466
"ma",0.224114124458059,-0.0567177225811961
"md",-2.37181797579055,0.600248268477265
"me",1.74723747573561,-0.442182442084161
"mi",0.140616834691682,-0.0355866333455055
"mn",-0.02512699341291,0.00635901700094354
"mo",2.06882675492629,-0.523568707671623
"ms",2.94431912828801,-0.745134102464292
"mt",3.81549763632112,-0.965607761794346
"nc",1.65487209727752,-0.418807058504942
"nd",0.44513586757425,-0.112652841664093
"ne",-1.86531148202075,0.472064044830644
"nh",2.94076866280748,-0.744235567762756
"nj",0.22528419596288,-0.0570138391403916
"nm",-2.61448720222977,0.661661827388465
"nv",-0.518066598521781,0.1311097970324
"ny",0.395176224269631,-0.100009294918024
"oh",-0.684007673427735,0.173105365997726
"ok",-4.21377557892326,1.06640202613248
"or",-0.475607209914868,0.120364380698305
"pa",-0.047644617229942,0.0120576682238401
"ri",1.7302158010339,-0.437874680630345
"sc",-1.4084102959817,0.356433693520172
"sd",-0.625303689907976,0.158248847872338
"tn",-0.472095942692322,0.119475766033015
"tx",-0.712822201868922,0.180397609247968
"ut",0.361608320394559,-0.0915140918904028
"va",-0.35655357152446,0.090234860394633
"vt",1.52294892710699,-0.385420578288611
"wa",1.33839099032124,-0.338713544920379
"wi",-3.32629999526622,0.841803981550522
"wv",2.43044193677183,-0.61508453813601
"wy",-3.28615725331669,0.831644846623126
