"","STATE..Intercept.","STATE.ACTIVE10"
"al",-0.177702340520502,0.0386454063891586
"ar",-1.11175107334459,0.241775498888425
"az",-1.76680043963966,0.384230848048629
"ca",4.690866577755,-1.02013538304381
"co",-0.686770548947009,0.149353840148778
"ct",1.38185054280164,-0.300514757651646
"de",2.0026936257993,-0.435531174295716
"ga",-1.57884417849228,0.343355493935951
"ia",-1.74718590862575,0.379965223184347
"id",0.278193786236127,-0.0604995516240458
"il",-0.971912749335247,0.211364482104453
"in",0.288787605348145,-0.062803417986177
"ks",-1.3783372635349,0.299750715351337
"ky",-2.31595533957254,0.503657042528355
"la",1.98780461330651,-0.432293220665891
"ma",0.121907373204972,-0.026511524640259
"md",-2.3438243468026,0.50971779055741
"me",1.90927783119293,-0.415215789956067
"mi",0.170531511765412,-0.0370859469550521
"mn",-0.184693884944912,0.0401658763772172
"mo",2.05351846101058,-0.446584188035709
"ms",2.94600568883059,-0.640675788153147
"mt",3.84860568964856,-0.836966640239257
"nc",1.6717479083013,-0.363559518165582
"nd",0.413217957418035,-0.0898636216323535
"ne",-1.87744721227131,0.408293499567311
"nh",2.93141281981936,-0.637502237643509
"nj",0.218860962485187,-0.0475962827118006
"nm",-2.60419093582589,0.566340413610612
"nv",-0.561461049762797,0.122102446012879
"ny",0.3524104670138,-0.0766396529930355
"oh",-0.74736406873271,0.162531276021648
"ok",-4.20979239953834,0.915514886397237
"or",-0.381241334465805,0.0829095793540007
"pa",-0.0234438050077534,0.00509838738859095
"ri",1.79483875218833,-0.390328415361114
"sc",-1.40707609360306,0.30600062609466
"sd",-0.595472907593205,0.129499096299288
"tn",-0.29844546246665,0.064903738173856
"tx",-0.668109681846279,0.145295611143074
"ut",0.292759585473676,-0.0636672151971264
"va",-0.335002624719366,0.0728539226652508
"vt",1.47798657310101,-0.321421718970656
"wa",1.33525339954823,-0.290381151463187
"wi",-3.2628871253196,0.709588847229513
"wv",2.42903288069392,-0.528248319814422
"wy",-3.36185183802959,0.731110969727517
