"","STATE..Intercept.","STATE.ACTIVED"
"al",0.0279906737882737,-0.00692660674711171
"ar",0.114518411278611,0.00511383884017726
"az",-0.383407120429164,-0.00927385083035296
"ca",-0.917454591520705,-0.0452040089259706
"co",-0.165683623845051,-0.00278325822390238
"ct",-0.246432953766824,-0.00528948463588509
"de",0.181857767538942,0.00390343033514821
"ga",-0.551820233924294,-0.016401195611424
"ia",1.23427438258805,0.0273583506562014
"id",0.428372819701785,0.00168120186968372
"il",0.281933176034668,0.0168681500044475
"in",0.402560661240297,0.008640639979737
"ks",0.475028775056963,0.0101961096065286
"ky",0.497450190875607,0.0113889433173229
"la",-0.297203378325171,-0.00550039586278593
"ma",0.298374204829362,0.01918525885233
"md",0.172723461080984,0.00456504768670431
"me",-0.221912598571803,0.00581096032552795
"mi",0.203395850514278,0.0159885782497255
"mn",0.362209157536532,0.00438801137128091
"mo",-0.0689311424103555,-0.0099379025067563
"ms",-0.288156796773107,-0.00885538217625065
"mt",-0.271081821498487,-0.00568716168287654
"nc",-0.103620393491628,0.00494866040781317
"nd",-0.0883058518054795,0.00988497051576165
"ne",0.549272701810526,0.0100419981643876
"nh",-0.28374706109561,-0.00609040186063313
"nj",0.289504893578929,0.00621398909193066
"nm",0.237068255523397,0.00607434715054997
"nv",0.261438326495384,0.00497411577207884
"ny",0.235841460379325,0.00568035177198809
"oh",-0.271124777437506,-0.0130556049759434
"ok",-0.0444344252290457,-0.000953749106849621
"or",-0.311405331905046,-0.0179230251208704
"pa",0.589090707385517,0.00145916941259529
"ri",-0.282942908255744,-0.00607314136837202
"sc",-0.159739880573095,-0.00221306101231898
"sd",0.0263389669653033,-0.0023224426142784
"tn",-0.284497544813251,-0.00903229454243639
"tx",-0.461478165491153,-0.0101818590971921
"ut",0.13321321485936,0.0039149640106605
"va",-0.0782928771021833,-0.00344734417609738
"vt",-0.476349160783685,-0.0104973614268387
"wa",-0.517620503519454,-0.0111103067131838
"wi",0.381173176486996,0.0258511351618337
"wv",-0.652309165136534,-0.0176079450488575
"wy",0.0443210721518119,0.0122355617126969
