"","STATE..Intercept.","STATE.ACTIVED"
"al",0.0474576074962782,0.00021790016051566
"ar",0.129816493805943,0.000596049649440822
"az",-0.397750882430433,-0.00182626442100177
"ca",-0.924242693502134,-0.00424364112622367
"co",-0.128638364213453,-0.00059063997146077
"ct",-0.236582787275021,-0.0010862645451744
"de",0.172049349495649,0.000789960717472596
"ga",-0.48155768655074,-0.00221106148075313
"ia",1.23951817532971,0.00569121992515371
"id",0.481813476828532,0.00221223550643049
"il",0.242791525684575,0.0011147723235931
"in",0.397050592042485,0.00182304886058714
"ks",0.465033457720471,0.00213519065888079
"ky",0.381415081305415,0.0017512585724202
"la",-0.298685314094839,-0.00137140687094623
"ma",0.293185596585373,0.00134615605555334
"md",0.20780185356418,0.00095411767950641
"me",-0.244968771391439,-0.00112476816059113
"mi",0.183036858666666,0.000840410021516418
"mn",0.366424407717377,0.00168242930859868
"mo",-0.0781098530306847,-0.000358640156577511
"ms",-0.311088124705844,-0.00142835430191556
"mt",-0.241492949370625,-0.00110880894814715
"nc",-0.122266424589198,-0.000561383075617712
"nd",-0.131947535419689,-0.000605833586917468
"ne",0.557062298430401,0.00255773892928611
"nh",-0.282761486891872,-0.00129829300554473
"nj",0.279612969020084,0.00128383665657123
"nm",0.259698131847127,0.00119239819444213
"nv",0.291130398532053,0.00133671867176456
"ny",0.185926250587593,0.000853676025840665
"oh",-0.235984584786274,-0.00108351827092154
"ok",-0.0393842969542003,-0.000180832113404071
"or",-0.400030355598442,-0.00183673130926134
"pa",0.621106887860601,0.00285179758706028
"ri",-0.31022699864717,-0.00142440028485482
"sc",-0.189782887020617,-0.000871383811875117
"sd",0.0138199291616577,6.3453774481674e-05
"tn",-0.17687318863283,-0.000812109270243492
"tx",-0.44246536980386,-0.00203156980667643
"ut",0.179961101174788,0.000826287548867251
"va",-0.0681419828786249,-0.00031287246535576
"vt",-0.472671496016545,-0.00217026053588526
"wa",-0.510410482667103,-0.00234353824803875
"wi",0.375366691976347,0.00172348876581083
"wv",-0.619399999432032,-0.00284396133703453
"wy",-0.025614618927634,-0.000117608489362554
