"","STATE..Intercept.","STATE.ACTIVE5"
"al",-0.134835398032811,0.0617850715454707
"ar",0.132215719779025,-0.00144596070564317
"az",0.184166047803737,-0.333681206493293
"ca",-0.127421044363758,0.370619653281392
"co",-0.173011181833113,0.0772000032103428
"ct",-0.203454088499762,0.0890526696357078
"de",-0.0410360753136607,0.0179616545678694
"ga",0.0142604484937742,0.00342089947048232
"ia",0.156375141751094,0.00877402715556476
"id",0.1482445949791,-0.158449154425682
"il",0.462357007943687,-0.0702433304758218
"in",0.566148887630517,-0.247805636281636
"ks",0.352804605907078,-0.154423989448784
"ky",0.144687021601173,-0.300217801341059
"la",0.179825598556711,-0.0222344439264727
"ma",0.134502379195049,0.032265403010839
"md",0.133166273737375,0.00623111076589613
"me",-0.91684036162681,0.605894574115188
"mi",-0.41431876061086,0.128437222606553
"mn",-0.191955862009966,0.110283954208511
"mo",-0.430326153067009,0.0871143237990056
"ms",-0.0882002579339532,-0.0119654035426125
"mt",-0.137896696930846,-0.332373848453121
"nc",0.233647841942856,-0.0515172907658852
"nd",0.236884328457048,0.0583092468306628
"ne",0.38814763525244,-0.169893774988244
"nh",-0.231271697281944,0.101228548445526
"nj",-0.272062925496028,0.119083032456978
"nm",0.316745330037976,-0.0770140410481552
"nv",0.0614580349272358,0.10819626463621
"ny",0.18675663463274,0.0617088805052342
"oh",-0.307549457191253,0.133047263853945
"ok",0.270488692340247,-0.118393984297832
"or",0.460981246947679,-0.135496591379673
"pa",0.302972640066982,-0.317841647964284
"ri",-0.149036691340151,0.0652339568861944
"sc",-0.0030995544862514,0.00135668741639638
"sd",0.72383927076247,-0.390514795443028
"tn",-0.216908303845149,-0.0598648400116176
"tx",-0.394705289611467,0.172764086573161
"ut",0.255877159611962,0.0466791807790841
"va",0.0375499783774264,-0.0316932662177757
"vt",-0.932206045427818,0.245858724508324
"wa",-0.505260483312652,0.22115453777412
"wi",0.70300635585718,-0.270851794149542
"wv",-0.955923174208937,0.332407984689207
"wy",0.0402106258325853,-0.0101461613681148
