"","STATE..Intercept.","STATE.ACTIVE0"
"al",-0.0510336668082922,-0.343513190901169
"ar",0.126579939979627,0.00551794200197284
"az",0.375088251064289,-0.68370611214289
"ca",-0.169433498060007,0.459340844937359
"co",-0.204211533219182,0.0970394961332368
"ct",-0.210678248857664,0.107769731683996
"de",-0.0209277926162637,0.0107053414731808
"ga",0.00510267016956811,0.00656878715669219
"ia",0.114449433917983,0.218926847994825
"id",0.127224158315711,-0.178968619488641
"il",0.430226227644668,-0.010292229317922
"in",0.558111563937008,-0.285494747660747
"ks",0.324948054547651,-0.166222971947599
"ky",-0.110234079111399,-0.141906919129449
"la",0.164464285774699,-0.125696765984575
"ma",0.120759958775089,0.155457131243884
"md",0.0248577969059368,0.308444591871017
"me",-0.73464768818686,0.263259702420337
"mi",-0.412706547629865,0.130296551954159
"mn",-0.1803797740189,0.242543826247372
"mo",-0.342834711524601,-0.100751359748387
"ms",-0.0673881534032244,-0.0532029393446257
"mt",0.0787257331958532,-0.615698176182099
"nc",0.175021828248922,0.22213899366907
"nd",0.162456088000438,0.344139591254175
"ne",0.497329172665712,-0.523772371309253
"nh",-0.219819613672599,0.11244587855095
"nj",-0.199644139937017,-0.0223763579014913
"nm",0.154448894742903,0.198825689773859
"nv",-0.00386089563896383,0.329594889107424
"ny",0.310389275034758,-0.153984030257164
"oh",-0.341101164499081,0.084268465319101
"ok",0.253909268979852,-0.129884000547799
"or",0.409050244622462,0.0424271705363592
"pa",0.306154943581251,-0.379550099301604
"ri",-0.148401174061661,0.0759127000387224
"sc",-0.0161330148927927,0.0663148317649479
"sd",0.874842715577923,-0.869286180383105
"tn",-0.248943527991008,-0.00442274085975111
"tx",-0.414776017778666,0.36512091012238
"ut",-0.0435895747023035,0.908644240255059
"va",-0.0122552143885771,0.219967532619129
"vt",-0.744996212920965,-0.218311321337837
"wa",-0.510764108587743,0.261274769629898
"wi",0.689369048503643,-0.26300283583918
"wv",-0.860831886016459,-0.0241802164735297
"wy",-0.0139173156656022,0.0572777283017188
