"","STATE..Intercept.","STATE.ACTIVE0"
"al",0.261531626061561,-0.450525652031672
"ar",0.431065033064887,-0.301050458611081
"az",-0.150897889404062,-0.557627257647606
"ca",-1.28849442500206,0.316146276119515
"co",0.0259232456890956,0.190549914654263
"ct",-0.206285620048026,0.0905902836305639
"de",-0.0858564857775995,0.0377038564118306
"ga",0.250492840755514,0.0904045176613997
"ia",-0.0306019700856915,0.336511504489195
"id",0.183086849043459,-0.169886427699831
"il",0.199463368513461,-0.0157337670990139
"in",-0.0700937532891841,0.0307816559861014
"ks",1.03181032417778,-0.453119271709038
"ky",0.401169603201952,0.144784754600172
"la",-0.329965647883483,0.166748024176035
"ma",0.104274211404239,0.0376332503479563
"md",0.146310875016713,0.132239978494237
"me",-0.494719668778974,0.319782750352541
"mi",-0.383757999311628,0.138379608962104
"mn",-0.246764011098277,0.640612827049836
"mo",-0.376777879110239,-0.100701820295289
"ms",-0.0738287931007841,0.0301556207595429
"mt",-0.114155777625099,-0.475973541093912
"nc",0.149846155078954,0.031044555556371
"nd",-0.139765654946149,0.0878475744590163
"ne",0.239408051658108,-0.322384463799068
"nh",-0.381010003925381,0.167320457497943
"nj",-0.0677772112076722,-0.0997469516404193
"nm",0.155739575170803,0.0562074394287767
"nv",-0.0677312349195042,0.044013033599619
"ny",-0.0597853091981474,-0.168960591758712
"oh",-0.0101095870445303,0.0403765072397507
"ok",0.643911674957666,-0.282773667179835
"or",-0.739752512833202,-0.0901355696463327
"pa",-0.390923579211162,0.312832451579809
"ri",-0.5719582471966,0.251175335567827
"sc",0.357188275722397,-0.023708177543977
"sd",1.63693803999463,-0.896431828613634
"tn",0.106458723665021,0.00354429735983823
"tx",0.136921378123293,0.197756903068785
"ut",0.243969821889661,0.341671002411779
"va",0.433082436663481,-0.161341175127365
"vt",-0.644002761079858,0.05596939129138
"wa",-1.29620627300615,0.569228693148874
"wi",0.466951214979891,-0.254082579821649
"wv",-0.0911158152470637,-0.100865978747211
"wy",0.706794785497115,0.0630367141609318
