"","fdat.STATE..Intercept.","fdat.STATE.fdat.ACTIVE"
"al",0.124486215420183,-0.599836304332586
"ar",0.566420884634791,-0.367072206314203
"az",-0.37909359848394,-0.782358285164689
"ca",-1.52400569597785,0.323863920913318
"co",-0.117084090942495,0.664708463060488
"ct",-0.0552181373371036,0.0234879131135231
"de",0.285947380172523,-0.121632266940282
"ga",0.470819249530782,0.408648390651922
"ia",-0.278990493959053,0.553016221275548
"id",0.054853602580411,-0.203768931308142
"il",-0.0188140133851798,0.191559464041275
"in",-0.087817817438505,0.037354705632724
"ks",1.07633074808792,-0.457834405716455
"ky",0.247524163111376,0.214839030060336
"la",-0.0650622234227342,0.152508376373211
"ma",0.250038995685771,0.217021783389366
"md",0.737073954228646,0.0544497621341589
"me",0.0535625232134495,0.164024959509624
"mi",-0.200774170410759,-0.19250259943877
"mn",-0.154732318280747,0.748482021932317
"mo",-0.27820970553105,0.0869654831081879
"ms",0.220865150048798,-0.269944481730044
"mt",-0.328699911202558,-0.448696667873462
"nc",0.0585147866999099,-0.0634834874064224
"nd",-0.109223847203787,-0.12293549892465
"ne",0.072218465301152,-0.350187130762559
"nh",-0.348825011265855,0.148378267568449
"nj",0.0393022990245221,-0.244147867827743
"nm",0.020026638476325,0.0173821558733504
"nv",-0.673624365156159,0.143968261179457
"ny",0.128768039083056,-0.353394730772361
"oh",-0.181292964048053,0.229396826859826
"ok",0.434119881282953,-0.184659797381021
"or",-0.625058459748735,-0.319212472814915
"pa",-0.598403727323927,0.670608302212086
"ri",-0.260365140774291,0.110750454455976
"sc",0.248060694498063,-0.035473077291518
"sd",1.6092666008702,-0.991127429504665
"tn",0.115048262961461,-0.2313946538332
"tx",0.285981935306571,0.203474975232862
"ut",0.108455436954106,0.456304798943951
"va",0.477200970862768,0.0509862571092309
"vt",-0.395640312829382,0.00275957626483103
"wa",-1.50520963834709,0.64026486419305
"wi",0.290607765794555,-0.136888910210632
"wv",-0.101133280195004,-0.0138091440000846
"wy",0.311784279433348,-0.0248448855404291
