"","STATE..Intercept.","STATE.ACTIVE10"
"al",0.10848419465137,-0.018093818038258
"ar",0.415068286407765,-0.0692282416854194
"az",-0.578482868449911,0.0964837668856347
"ca",-1.21295294485264,0.202305505824467
"co",0.1752535233738,-0.02923011389896
"ct",-0.146466493122854,0.0244287942894378
"de",-0.0761095202942641,0.0126941239261928
"ga",0.229163721151104,-0.038221666073769
"ia",0.1035855913596,-0.0172767917680047
"id",0.00107477589734855,-0.000179259342502485
"il",0.152061025146317,-0.0253618927115842
"in",-0.0153662464445184,0.00256289930475145
"ks",1.0085146181814,-0.168207728745027
"ky",0.525253503718469,-0.0876057692432529
"la",-0.271958722739239,0.0453593415895045
"ma",0.0542949666387301,-0.00905572694907467
"md",0.219686646007433,-0.0366410075712718
"me",-0.377548413370017,0.0629703923243844
"mi",-0.393482800427924,0.0656280504702651
"mn",0.125464936383977,-0.0209259949435273
"mo",-0.422042477301516,0.0703914501322319
"ms",-0.0936664825910656,0.0156224074615692
"mt",-0.484145169205103,0.0807494088104774
"nc",0.15261979115201,-0.0254550879868241
"nd",-0.119897124054464,0.0199973530453067
"ne",0.162420517027066,-0.0270897275837024
"nh",-0.291786551455034,0.0486663774761141
"nj",-0.157961879329024,0.0263460821204
"nm",0.135899368604692,-0.0226663289939212
"nv",-0.0448385942789579,0.0074785214819421
"ny",-0.207009103714232,0.0345265507678386
"oh",0.0576189569652507,-0.0096101273101055
"ok",0.701940851529205,-0.117075027193944
"or",-0.907304281160261,0.151327099694433
"pa",-0.261728570865028,0.0436530792213413
"ri",-0.473355023433807,0.0789497464354336
"sc",0.357773396281618,-0.0596721646954857
"sd",1.42596853292212,-0.237833863717915
"tn",0.110775842599273,-0.0184760364616025
"tx",0.23698446608809,-0.0395260693993831
"ut",0.439153318880792,-0.0732453263523164
"va",0.396419972853563,-0.0661179342973779
"vt",-0.703550830401088,0.117343551577317
"wa",-1.16786383052189,0.194785200803326
"wi",0.480930331683941,-0.0802132139021617
"wv",-0.105371797089724,0.017574708727778
"wy",0.736478589596185,-0.122835493504516
