"","fdat.STATE..Intercept.","fdat.STATE.fdat.ACTIVE"
"al",-0.180010157387726,0.260294523739419
"ar",0.358327609092615,0.214007248366933
"az",-0.978725843262646,0.200845258954418
"ca",-1.43067504740873,0.035379378604716
"co",0.44734782846028,-0.56057882675164
"ct",-0.0194896040203012,-0.00271176112905655
"de",0.200909069551885,0.0279542572911286
"ga",0.456417347742196,0.02407324678143
"ia",-0.00739461466495603,-0.118883054251623
"id",-0.0719422447900975,-0.00228708088716946
"il",-0.0363572448075229,0.0843947829484771
"in",0.0253370020453128,-0.0637293445450875
"ks",0.911627064332027,0.126842743170996
"ky",0.611290879909497,-0.294143499172446
"la",-0.00674430624516051,-0.000938395028397004
"ma",0.249983233854332,0.0347823801743687
"md",0.761486004073895,0.0105422670370484
"me",0.124474870604481,0.0330208419722686
"mi",-0.480376298132148,0.111504447972165
"mn",0.247309251513585,-0.192186795573364
"mo",-0.484680041245868,0.200218323790107
"ms",0.25957347152043,-0.0371712770443392
"mt",-0.857491242563631,0.29611499483889
"nc",-0.00687498395775771,0.214354355718493
"nd",-0.131189709380806,-0.0235649000572894
"ne",-0.207923009031309,0.375048044324123
"nh",-0.156617974271236,-0.100949449149736
"nj",-0.0561010637036244,0.0812996194709635
"nm",0.000167493667091666,-3.95946959585453e-05
"nv",-0.727874649826554,0.1898008428116
"ny",-0.0411846198937777,0.0717892035512348
"oh",-0.0802716850945548,-0.0472219565563893
"ok",0.359290962974387,0.0499913321173845
"or",-0.817307545391723,-0.156630757616835
"pa",-0.370689357711293,-0.0515772916755679
"ri",-0.161026867982379,-0.0224050935500525
"sc",0.394193238741436,-0.0931853825156236
"sd",1.28357392241582,0.113751048103643
"tn",0.282384689703152,-0.171695832611477
"tx",0.505810583062637,-0.241583896391588
"ut",0.355118884199991,-0.115414243684811
"va",0.585843555670565,-0.0853863189748019
"vt",-0.19447250563895,-0.111638439119177
"wa",-1.31035011436352,-0.182320610612941
"wi",0.154462728426053,0.100779081567468
"wv",-0.180114705804494,0.176197290538253
"wy",0.420955745019251,-0.356741712250225
