"","fdat.STATE..Intercept.","fdat.STATE.fdat.ACTIVE"
"al",-0.166738367067146,0.231040957054406
"ar",0.360058197603759,0.166690268355907
"az",-0.986389943806385,0.194020512157306
"ca",-1.44160566907696,0.0606073839171
"co",0.438530329013809,-0.509196146930566
"ct",-0.0270138529356325,-0.0022763981384154
"de",0.200394527731429,0.016886807334127
"ga",0.461103661045895,0.0151875912061275
"ia",-0.0282703311961715,-0.119846799502946
"id",-0.0775310098229257,-0.00561119785655938
"il",-0.0213170618786657,0.0790561998858306
"in",0.0144828800606423,-0.0616083087326282
"ks",0.925036221276276,0.0779507735197077
"ky",0.63856552368589,-0.228133856479351
"la",0.083032145047607,0.00699693675187293
"ma",0.19770496692362,0.0166601639437658
"md",0.799229124200565,-0.00814365338715933
"me",0.127069535134696,0.0257870340398569
"mi",-0.473587837211459,0.110138746112693
"mn",0.224810006143814,-0.174369912733368
"mo",-0.493509831996805,0.182411242332501
"ms",0.251439688632815,-0.0405116419218879
"mt",-0.843451889162937,0.267568772814537
"nc",-0.00566767582595944,0.178178433591929
"nd",-0.144652827280654,-0.00528609148701632
"ne",-0.196035338942471,0.31817090791149
"nh",-0.193890073943469,-0.0787126377655853
"nj",-0.0640646255051972,0.0658269255669762
"nm",0.00434249608600409,-0.000978011206404446
"nv",-0.737293337531275,0.17089693763471
"ny",-0.0293118277516624,0.0737777654791149
"oh",-0.0908676524544222,-0.0328141699592989
"ok",0.344423339221323,0.0290237993853919
"or",-0.824884814040612,-0.107752849954495
"pa",-0.416330383513913,-0.0350832482969035
"ri",-0.166199790149665,-0.0140052917961469
"sc",0.391385903729389,-0.0881474139055134
"sd",1.30922723531928,0.0691324593618703
"tn",0.308682077764628,-0.129143788712539
"tx",0.476870543212534,-0.232551999521152
"ut",0.383661501020505,-0.109613274523585
"va",0.578667856153743,-0.101147749394852
"vt",-0.150736210163584,-0.0656479533626448
"wa",-1.33676362216239,-0.112646138566115
"wi",0.149129735484505,0.0781388460052899
"wv",-0.17997358097307,0.149945963616957
"wy",0.428240059900701,-0.320866893844345
