"","STATE..Intercept.","STATE.ACTIVED"
"al",0.149485008454786,-0.0205262272160545
"ar",0.404230618811207,-0.0181719041252228
"az",-0.313347680812387,-0.0242699644016385
"ca",-1.23536865226778,0.0320385203051287
"co",0.131564046621359,0.00104101355469287
"ct",-0.186231561628647,0.00664507314359585
"de",-0.0875136293548531,0.00312264184995741
"ga",0.232849147671619,0.00517825787456484
"ia",0.0470359784992974,0.0057923901392771
"id",0.157268298233418,-0.0228602439537824
"il",0.137509144111969,0.00771758736488672
"in",-0.0612864911241675,0.00218681093941805
"ks",0.988208879264546,-0.0352610493432799
"ky",0.613850973405728,-0.0156668188754546
"la",-0.297482737656144,0.0156953165750643
"ma",-0.0502518916580889,0.020919385195287
"md",0.208636502725068,0.000819884845682402
"me",-0.477629186357176,0.0310950695614184
"mi",-0.386354275885166,0.0131081791750056
"mn",-0.126441573110484,0.0455351452494453
"mo",-0.384861855942015,-0.00333490121603201
"ms",-0.0574523592572512,-0.001539587293072
"mt",-0.165952360331148,-0.0422048146720239
"nc",0.0610412008211023,0.0161524752654405
"nd",-0.133220234517509,0.00617319250249394
"ne",0.169780985033899,-0.0113182044890502
"nh",-0.372545281901366,0.0132930778536483
"nj",-0.19362076797576,0.00690873316029914
"nm",0.216713550780259,-0.0127521124015257
"nv",-0.0439084815915307,0.022503163712956
"ny",-0.202324604457618,0.000895304987326374
"oh",-0.00332726862024509,0.00318301034963625
"ok",0.655650550237373,-0.0233947770445803
"or",-0.641779864509964,-0.0151017551302975
"pa",-0.406731586576997,0.0399486046177342
"ri",-0.5170046251233,0.018447643994804
"sc",0.351187087008679,-0.00987522029571726
"sd",1.5436883757313,-0.0798295379823708
"tn",0.140672007205348,-0.000934142563974124
"tx",0.192138841338921,-0.0023981099476638
"ut",0.400359095066564,-0.000109656659554659
"va",0.377748225627099,-0.0151049389017608
"vt",-0.664170980678988,0.00188816193352745
"wa",-1.21309389994787,0.0432853466120727
"wi",0.428347146268656,-0.0106563741808403
"wv",-0.122169586230508,-0.000471859073104092
"wy",0.736105774597746,0.00220820900366877
