"","fdat_XCMGW.STATE..Intercept.","fdat_XCMGW.STATE.fdat_XCMGW.ACTIVE"
"al",0.075287830160533,0.102583873704281
"ar",0.0575750045940554,0.0784491595414514
"az",-0.475577321257307,-0.648000663007989
"ca",0.212147799708506,0.289063226361202
"co",-0.221810812228498,-0.302229620635589
"ct",0.0160483064100002,0.0218667138423483
"de",-0.096457950286848,-0.131429344807851
"ga",0.0690000340818579,0.0940164003495203
"ia",0.0669994877517192,0.0912905442368434
"id",0.0373720521704578,0.0509215084542875
"il",0.0775315707044634,0.105641095516364
"in",0.20392838563697,0.277863815603253
"ks",0.139710152012095,0.190362885457857
"ky",0.0619261291845462,0.0843778098225512
"la",0.121905949491607,0.166103665091517
"ma",0.0106517763592737,0.0145136402315817
"md",0.0975193793028549,0.132875601126788
"me",0.0322569465275731,0.0439518913162349
"mi",0.0724878088383167,0.0987686882608989
"mn",-0.208940886022342,-0.284693627344105
"mo",0.143557951833575,0.195605727628592
"ms",0.0761009360769961,0.103691775930388
"mt",-8.02038058256617e-05,-0.000109282165178538
"nc",0.0641198306051915,0.0873668505349984
"nd",0.0733332356882005,0.0999206295646991
"ne",-0.191134143502061,-0.260430946087432
"nh",0.0176390566880984,0.0240341999456275
"nj",-0.0420627218421908,-0.0573128078725056
"nm",-0.224347178942964,-0.305685561948636
"nv",0.195108159427778,0.265845764749589
"ny",-0.095307605333153,-0.129861935556361
"oh",0.0415359315922219,0.0565950267337218
"ok",0.0376481000542155,0.0512976391129122
"or",-0.124588095091026,-0.169758238278872
"pa",0.116668951631425,0.158967963000845
"ri",0.0735194998474481,0.100174424884793
"sc",-0.0454490262844472,-0.0619268368126509
"sd",-0.832881156775426,-1.13484709567603
"tn",-0.140828183093683,-0.191886265253253
"tx",0.249142409817527,0.33947044892348
"ut",0.130271084524399,0.177501628798562
"va",-0.0204137091487647,-0.027814818898802
"vt",-0.0569859710393925,-0.0776465684234338
"wa",0.00468827878677164,0.00638804170511136
"wi",0.193495362167341,0.263648238402025
"wv",-0.0563342171870419,-0.0767585173970518
"wy",0.064021780164937,0.0872332513333914
