"","STATE..Intercept.","STATE.ACTIVE10"
"al",-0.0209902643480036,0.00319650490020705
"ar",-0.0192524779546117,0.00293186593324309
"az",-0.0793623383830882,0.0120857033064715
"ca",-0.0109139963028623,0.00166203924777516
"co",-0.0237694792615708,0.00361973795573635
"ct",-0.00173912651272775,0.000264843091278283
"de",0.0539154138407522,-0.0082105153159539
"ga",0.0251319123709928,-0.00382721638496566
"ia",-0.0846170736323432,0.0128859212896261
"id",0.0333068309479093,-0.00507213480535356
"il",-0.0838495904424705,0.0127690449842485
"in",-0.0313788957522454,0.00477853893382889
"ks",0.0141786826251375,-0.00215920239799307
"ky",-0.0287929679075868,0.00438474066878143
"la",0.0166881759668675,-0.00254136083013262
"ma",0.0268155669954737,-0.00408361183007454
"md",-0.0684781047742335,0.0104281964656157
"me",0.0580918450511879,-0.00884652360733816
"mi",-0.0136208959775128,0.00207425973983451
"mn",0.0198680454192581,-0.0030256076808875
"mo",-0.0263426375322119,0.00401159174240304
"ms",0.0492395752908254,-0.00749845467699643
"mt",0.123716130314594,-0.0188401257980001
"nc",-0.0186286145625071,0.00283686081480344
"nd",-0.089690144998517,0.0136584745604887
"ne",-0.0165024068039076,0.00251307101553159
"nh",0.115698570548789,-0.0176191708057851
"nj",-0.0255841132679217,0.00389607978252401
"nm",-0.0101600231790427,0.00154722035832588
"nv",0.0513933854939782,-0.00782644790412487
"ny",0.00616129937576147,-0.000938274229081431
"oh",-0.0679953172481677,0.0103546751175747
"ok",-0.0630561266453266,0.00960250987065334
"or",0.0782892687044375,-0.0119222908388188
"pa",0.092067190492355,-0.0140204631218572
"ri",0.0624914297771266,-0.00951651493979883
"sc",0.00842057913406879,-0.0012823289116111
"sd",-0.0464936244340584,0.00708028722922155
"tn",0.0355760849491057,-0.00541770841074605
"tx",0.042147113935699,-0.00641837834194176
"ut",0.160359416903283,-0.0244203531930725
"va",-0.00359802170386916,0.00054792517023069
"vt",-0.0262734567575747,0.00400105651368365
"wa",0.000288660370774561,-4.39586794669477e-05
"wi",-0.116432317753588,0.0177309096066566
"wv",-0.032565123699377,0.00495918380019129
"wy",-0.0637580386730399,0.00970940060506349
