"","fdat.STATE..Intercept.","fdat.STATE.fdat.ACTIVE"
"al",-0.0563296131532053,-0.0758993988082994
"ar",-0.0251158154145833,-0.0338414411858707
"az",-0.0663643719324789,-0.0894203892056818
"ca",0.0519965095101437,0.0700609074167839
"co",-0.0114346642216487,-0.0154072448116467
"ct",-0.0237995359800205,-0.0320678657580523
"de",0.0661020523582077,0.0890669357223712
"ga",-0.0225954681701969,-0.0304454860225276
"ia",-0.149526272079512,-0.20147402976146
"id",0.131907712275064,0.177734507649199
"il",-0.118598420055351,-0.159801359851924
"in",0.00887853289876178,0.0119630736231609
"ks",0.0184232458261123,0.0248237686010068
"ky",-0.0634453765310363,-0.0854872893015206
"la",0.0383219587957152,0.051635604630202
"ma",0.0363716892522505,0.0490077810472402
"md",-0.190956198430019,-0.257297358320873
"me",0.0776712314950302,0.104655428027528
"mi",-0.0144881046598862,-0.0195214980540801
"mn",0.02819757099213,0.0379938466883433
"mo",0.0113943876553703,0.0153529755384469
"ms",-0.00317899764184297,-0.00428343097568886
"mt",0.198837851196086,0.267917220114213
"nc",-0.018390913807834,-0.0247802039356008
"nd",-0.208902730496269,-0.281478795370994
"ne",-0.0812930197300739,-0.10953548195054
"nh",0.137672724731043,0.185502375295323
"nj",-0.0105488172936537,-0.0142136408526206
"nm",-0.00831281821921734,-0.0112008208457805
"nv",0.160244787589618,0.215916324636126
"ny",0.0338597579685496,0.0456231656805087
"oh",-0.0592599072154796,-0.0798477227041749
"ok",-0.067751115090651,-0.0912889085530597
"or",0.111241130858161,0.149888033704853
"pa",0.116466231870361,0.15692841625569
"ri",0.0430519169881436,0.0580088240275603
"sc",0.00913934938893113,0.0123145018275221
"sd",-0.283498324677486,-0.381990061739971
"tn",0.0584526438230911,0.0787600034259314
"tx",0.126768430041663,0.170809758658641
"ut",0.238211614456766,0.320970042475662
"va",0.0369807524808236,0.0498284423352926
"vt",-0.0568214249906537,-0.0765620737442538
"wa",0.0323554605015123,0.0435962518249721
"wi",-0.166459250368918,-0.224289788653762
"wv",-0.0350271406568462,-0.0471961153114479
"wy",-0.030449242136691,-0.0410277834867777
