"","STATE..Intercept.","STATE.ACTIVE0"
"al",-0.0238627613344055,0.00907867005999087
"ar",-0.0162201158265648,0.00617098170118618
"az",-0.0960784456079151,0.0365536486735913
"ca",-0.00552430907297498,0.00210161149548943
"co",-0.00715694163698076,0.00272242379888436
"ct",0.000253927018741284,-9.66082005371923e-05
"de",0.0690855185840548,-0.0262840388812046
"ga",0.0152311391407367,-0.00579472000498667
"ia",-0.0918204052191064,0.0349335701949255
"id",0.044718695671098,-0.0170136992688327
"il",-0.10667033841032,0.0405832756779849
"in",-0.0344988524432292,0.0131253147918624
"ks",0.0162511703026722,-0.00618286438106148
"ky",-0.0503643456130832,0.0191612248017373
"la",0.00998559057414176,-0.00379883887505194
"ma",0.0283235798709639,-0.0107757675492664
"md",-0.106322174815159,0.0404508926613738
"me",0.0590761254226668,-0.0224754073519673
"mi",-0.0188823821244619,0.00718396099015168
"mn",0.0213805482456694,-0.00813413246506336
"mo",-0.0319087125814343,0.0121399165718551
"ms",0.0517157574027079,-0.0196755401849757
"mt",0.136155361712831,-0.0518004534819714
"nc",-0.0166564424381689,0.00633707656280824
"nd",-0.10308857774507,0.0392204442908788
"ne",-0.021803685912321,0.0082953470043518
"nh",0.143623387695759,-0.0546424602987194
"nj",-0.0313907680917886,0.0119427371968404
"nm",-0.026654583362419,0.0101407941984911
"nv",0.0669590553911002,-0.0254747851831874
"ny",0.00657152731964548,-0.00250055466353461
"oh",-0.0775416805594411,0.0295014424815196
"ok",-0.0640034125558752,0.0243505182942446
"or",0.099267849878729,-0.0377670965590798
"pa",0.111927913188319,-0.0425831263198921
"ri",0.0822937904691887,-0.0313092125919584
"sc",0.000451448031418526,-0.000171695109467499
"sd",-0.0620487092106585,0.0236071523997416
"tn",0.0560341268433663,-0.021318528474457
"tx",0.0478316851942826,-0.0181977876381307
"ut",0.204688174169022,-0.0778753274814426
"va",0.00188137762642882,-0.000716076576491426
"vt",-0.0329620077818657,0.0125403553481491
"wa",0.00999749590113644,-0.00380361291868197
"wi",-0.11937933046001,0.0454186001843531
"wv",-0.0322008179368987,0.0122508987542142
"wy",-0.10666544491456,0.0405814763253485
