"","STATE..Intercept.","STATE.ACTIVE10"
"al",-0.0201030252600097,0.00431931853240451
"ar",-0.0192101826874693,0.00412748315338994
"az",-0.077672490423377,0.016688643773984
"ca",-0.0100734466605352,0.00216437199293541
"co",-0.0243286779792261,0.00522723860242129
"ct",-0.001308196388961,0.000281077938955999
"de",0.0542146012596633,-0.011648502099513
"ga",0.0267186021854162,-0.00574073563987335
"ia",-0.0846650794741226,0.0181910653789778
"id",0.0289426991461122,-0.00621860317950725
"il",-0.0836479132994748,0.0179725179388853
"in",-0.0316631874081593,0.00680312492265126
"ks",0.014160636656185,-0.00304254208252818
"ky",-0.0335898955581996,0.00721709576093891
"la",0.0106505490710106,-0.00228836771519221
"ma",0.00454003885286912,-0.000975468801406891
"md",-0.0684154258878445,0.01469967893477
"me",0.0614915837032798,-0.0132120282216843
"mi",-0.0159969635759167,0.00343709368823743
"mn",0.0256784712955152,-0.00551725402102403
"mo",-0.0251416512577442,0.00540191333435023
"ms",0.0496481238344313,-0.0106673527294304
"mt",0.12085071881728,-0.02596588039315
"nc",-0.0138783599788469,0.00298189236101002
"nd",-0.0867593814209112,0.0186410452747505
"ne",-0.0163943358744881,0.00352247275488457
"nh",0.117053523998055,-0.0251500184150796
"nj",-0.0256942718139777,0.00552064890668596
"nm",-0.0110321239736198,0.00237035256707514
"nv",0.0538982228115183,-0.0115805253011629
"ny",0.00640303302381311,-0.00137575010953057
"oh",-0.0670966680971572,0.0144163317822198
"ok",-0.0627270426552143,0.0134774778581493
"or",0.0846573761668312,-0.0181894102530694
"pa",0.0900063959847885,-0.0193386960014121
"ri",0.0650100358506454,-0.0139679997915816
"sc",0.00827538452625427,-0.00177804192576567
"sd",-0.0500902812502404,0.0107623542874369
"tn",0.0435334011164252,-0.009353548721586
"tx",0.0427013861333274,-0.00917478270556346
"ut",0.160228518453554,-0.0344265601930512
"va",-0.00353640022637258,0.000759827878551013
"vt",-0.0236835949816755,0.005088636630319
"wa",0.00102902669988369,-0.000221095782234745
"wi",-0.116222423901826,0.0249714489708544
"wv",-0.0328377897296656,0.00705549895640329
"wy",-0.063923519821811,0.0137345519021022
